Title,Link
139000+ Data Scientist jobs in United States,https://www.linkedin.com/jobs/data-scientist-jobs
118000+ Data Science jobs in United States,https://www.linkedin.com/jobs/data-science-jobs
16000+ Remote Data Scientist jobs in United States,https://www.linkedin.com/jobs/remote-data-scientist-jobs
1000+ Nationwide Data Scientist jobs in United States (180 ...,https://www.linkedin.com/jobs/nationwide-data-scientist-jobs
"35000+ ""Data Science"" jobs in United States",https://www.linkedin.com/jobs/search?keywords=%22Data%20Science%22&location=United%20States&geoId=103644278&trk=public_jobs_jobs-search-bar_search-submit&position=1&pageNum=0
73000+ Data Engineer jobs in United States (2287 new),https://www.linkedin.com/jobs/data-engineer-jobs
248000+ Data Engineering jobs in United States,https://www.linkedin.com/jobs/data-engineering-jobs
176000+ Data Engineers jobs in United States,https://www.linkedin.com/jobs/search/?currentJobId=3838005458&geoId=103644278&keywords=data%20engineers&location=United%20States&origin=JOB_SEARCH_PAGE_SEARCH_BUTTON&refresh=true
3000+ Entry Level Data Engineer jobs in United States (79 ...,https://www.linkedin.com/jobs/entry-level-data-engineer-jobs
8000+ Big Data Engineer jobs in United States (517 new),https://www.linkedin.com/jobs/big-data-engineer-jobs
28000+ Business Intelligence Engineer jobs in United States,https://www.linkedin.com/jobs/business-intelligence-engineer-jobs
24000+ Bi Engineer jobs in United States (2661 new),https://www.linkedin.com/jobs/bi-engineer-jobs
2000+ Business Intelligence (bi) Engineer jobs in United ...,https://www.linkedin.com/jobs/business-intelligence-%28bi%29-engineer-jobs
5000+ Platform Business Intelligence Engineer jobs in ...,https://www.linkedin.com/jobs/platform-business-intelligence-engineer-jobs
4000+ Microsoft Business Intelligence Engineer jobs in ...,https://www.linkedin.com/jobs/microsoft-business-intelligence-engineer-jobs
